{
  "frames": {
    "The Adventurer - Free/frame dimensions.png": {
      "frame": {
        "x": 0,
        "y": 0,
        "w": 1344,
        "h": 769
      },
      "rotated": false,
      "trimmed": false,
      "spriteSourceSize": {
        "x": 0,
        "y": 0,
        "w": 1344,
        "h": 769
      },
      "sourceSize": {
        "w": 1344,
        "h": 769
      },
      "pivot": {
        "x": 0.5,
        "y": 0.5
      }
    },
    "The Adventurer - Free/Death/death_normal.png": {
      "frame": {
        "x": 1344,
        "y": 0,
        "w": 364,
        "h": 352
      },
      "rotated": false,
      "trimmed": true,
      "spriteSourceSize": {
        "x": 17,
        "y": 17,
        "w": 364,
        "h": 352
      },
      "sourceSize": {
        "w": 384,
        "h": 384
      },
      "pivot": {
        "x": 0.5,
        "y": 0.5
      }
    },
    "The Adventurer - Free/Dash - NEW/Dust/Dash_Dust.png": {
      "frame": {
        "x": 1708,
        "y": 0,
        "w": 217,
        "h": 335
      },
      "rotated": true,
      "trimmed": true,
      "spriteSourceSize": {
        "x": 110,
        "y": 27,
        "w": 217,
        "h": 335
      },
      "sourceSize": {
        "w": 384,
        "h": 384
      },
      "pivot": {
        "x": 0.5,
        "y": 0.5
      }
    },
    "The Adventurer - Free/Death Shadow/death_normal.png": {
      "frame": {
        "x": 1708,
        "y": 217,
        "w": 364,
        "h": 333
      },
      "rotated": true,
      "trimmed": true,
      "spriteSourceSize": {
        "x": 17,
        "y": 38,
        "w": 364,
        "h": 333
      },
      "sourceSize": {
        "w": 384,
        "h": 384
      },
      "pivot": {
        "x": 0.5,
        "y": 0.5
      }
    },
    "The Adventurer - Free/Dash - NEW/Dust/Dash_Dust_left_Up.png": {
      "frame": {
        "x": 2041,
        "y": 217,
        "w": 204,
        "h": 7
      },
      "rotated": true,
      "trimmed": true,
      "spriteSourceSize": {
        "x": 123,
        "y": 40,
        "w": 204,
        "h": 7
      },
      "sourceSize": {
        "w": 384,
        "h": 64
      },
      "pivot": {
        "x": 0.5,
        "y": 0.5
      }
    },
    "The Adventurer - Free/Dash - NEW/Dust/Dash_Dust_right_Up.png": {
      "frame": {
        "x": 2041,
        "y": 421,
        "w": 189,
        "h": 7
      },
      "rotated": true,
      "trimmed": true,
      "spriteSourceSize": {
        "x": 111,
        "y": 40,
        "w": 189,
        "h": 7
      },
      "sourceSize": {
        "w": 384,
        "h": 64
      },
      "pivot": {
        "x": 0.5,
        "y": 0.5
      }
    },
    "The Adventurer - Free/Death/death_normal_right_up.png": {
      "frame": {
        "x": 1344,
        "y": 352,
        "w": 364,
        "h": 25
      },
      "rotated": false,
      "trimmed": true,
      "spriteSourceSize": {
        "x": 17,
        "y": 19,
        "w": 364,
        "h": 25
      },
      "sourceSize": {
        "w": 384,
        "h": 64
      },
      "pivot": {
        "x": 0.5,
        "y": 0.5
      }
    },
    "The Adventurer - Free/Death Shadow/death_normal_right_up.png": {
      "frame": {
        "x": 1344,
        "y": 377,
        "w": 364,
        "h": 12
      },
      "rotated": false,
      "trimmed": true,
      "spriteSourceSize": {
        "x": 17,
        "y": 35,
        "w": 364,
        "h": 12
      },
      "sourceSize": {
        "w": 384,
        "h": 64
      },
      "pivot": {
        "x": 0.5,
        "y": 0.5
      }
    },
    "The Adventurer - Free/Death Shadow/death_normal_right_down.png": {
      "frame": {
        "x": 1344,
        "y": 389,
        "w": 362,
        "h": 13
      },
      "rotated": false,
      "trimmed": true,
      "spriteSourceSize": {
        "x": 17,
        "y": 38,
        "w": 362,
        "h": 13
      },
      "sourceSize": {
        "w": 384,
        "h": 64
      },
      "pivot": {
        "x": 0.5,
        "y": 0.5
      }
    },
    "The Adventurer - Free/Death/death_normal_right_down.png": {
      "frame": {
        "x": 1344,
        "y": 402,
        "w": 360,
        "h": 30
      },
      "rotated": false,
      "trimmed": true,
      "spriteSourceSize": {
        "x": 18,
        "y": 19,
        "w": 360,
        "h": 30
      },
      "sourceSize": {
        "w": 384,
        "h": 64
      },
      "pivot": {
        "x": 0.5,
        "y": 0.5
      }
    },
    "The Adventurer - Free/Dash - NEW/Dash.png": {
      "frame": {
        "x": 1344,
        "y": 432,
        "w": 355,
        "h": 347
      },
      "rotated": false,
      "trimmed": true,
      "spriteSourceSize": {
        "x": 17,
        "y": 17,
        "w": 355,
        "h": 347
      },
      "sourceSize": {
        "w": 384,
        "h": 384
      },
      "pivot": {
        "x": 0.5,
        "y": 0.5
      }
    },
    "The Adventurer - Free/Dash_Shadow.png": {
      "frame": {
        "x": 1699,
        "y": 432,
        "w": 351,
        "h": 9
      },
      "rotated": true,
      "trimmed": true,
      "spriteSourceSize": {
        "x": 17,
        "y": 38,
        "w": 351,
        "h": 9
      },
      "sourceSize": {
        "w": 384,
        "h": 64
      },
      "pivot": {
        "x": 0.5,
        "y": 0.5
      }
    },
    "The Adventurer - Free/Idle/idle_left_down.png": {
      "frame": {
        "x": 1699,
        "y": 783,
        "w": 349,
        "h": 26
      },
      "rotated": false,
      "trimmed": true,
      "spriteSourceSize": {
        "x": 18,
        "y": 18,
        "w": 349,
        "h": 26
      },
      "sourceSize": {
        "w": 384,
        "h": 64
      },
      "pivot": {
        "x": 0.5,
        "y": 0.5
      }
    },
    "The Adventurer - Free/Dash - NEW/Dust/Dash_Dust_Down.png": {
      "frame": {
        "x": 1708,
        "y": 581,
        "w": 197,
        "h": 10
      },
      "rotated": true,
      "trimmed": true,
      "spriteSourceSize": {
        "x": 117,
        "y": 27,
        "w": 197,
        "h": 10
      },
      "sourceSize": {
        "w": 384,
        "h": 64
      },
      "pivot": {
        "x": 0.5,
        "y": 0.5
      }
    },
    "The Adventurer - Free/Dash - NEW/Dust/Dash_Dust_Up.png": {
      "frame": {
        "x": 1718,
        "y": 581,
        "w": 193,
        "h": 10
      },
      "rotated": true,
      "trimmed": true,
      "spriteSourceSize": {
        "x": 121,
        "y": 43,
        "w": 193,
        "h": 10
      },
      "sourceSize": {
        "w": 384,
        "h": 64
      },
      "pivot": {
        "x": 0.5,
        "y": 0.5
      }
    },
    "The Adventurer - Free/Dash - NEW/Dust/Dash_Dust_left_Down.png": {
      "frame": {
        "x": 1718,
        "y": 774,
        "w": 203,
        "h": 9
      },
      "rotated": false,
      "trimmed": true,
      "spriteSourceSize": {
        "x": 124,
        "y": 33,
        "w": 203,
        "h": 9
      },
      "sourceSize": {
        "w": 384,
        "h": 64
      },
      "pivot": {
        "x": 0.5,
        "y": 0.5
      }
    },
    "The Adventurer - Free/Shadow.png": {
      "frame": {
        "x": 1921,
        "y": 774,
        "w": 15,
        "h": 9
      },
      "rotated": false,
      "trimmed": true,
      "spriteSourceSize": {
        "x": 17,
        "y": 38,
        "w": 15,
        "h": 9
      },
      "sourceSize": {
        "w": 48,
        "h": 64
      },
      "pivot": {
        "x": 0.5,
        "y": 0.5
      }
    },
    "The Adventurer - Free/Dash - NEW/Dust/Dash_Dust_right_Down.png": {
      "frame": {
        "x": 1728,
        "y": 581,
        "w": 191,
        "h": 9
      },
      "rotated": true,
      "trimmed": true,
      "spriteSourceSize": {
        "x": 110,
        "y": 33,
        "w": 191,
        "h": 9
      },
      "sourceSize": {
        "w": 384,
        "h": 64
      },
      "pivot": {
        "x": 0.5,
        "y": 0.5
      }
    },
    "The Adventurer - Free/Dash - NEW/Dash_right_Up.png": {
      "frame": {
        "x": 0,
        "y": 809,
        "w": 355,
        "h": 25
      },
      "rotated": true,
      "trimmed": true,
      "spriteSourceSize": {
        "x": 17,
        "y": 19,
        "w": 355,
        "h": 25
      },
      "sourceSize": {
        "w": 384,
        "h": 64
      },
      "pivot": {
        "x": 0.5,
        "y": 0.5
      }
    },
    "The Adventurer - Free/Death/death_normal_left_down.png": {
      "frame": {
        "x": 0,
        "y": 779,
        "w": 345,
        "h": 30
      },
      "rotated": false,
      "trimmed": true,
      "spriteSourceSize": {
        "x": 18,
        "y": 19,
        "w": 345,
        "h": 30
      },
      "sourceSize": {
        "w": 384,
        "h": 64
      },
      "pivot": {
        "x": 0.5,
        "y": 0.5
      }
    },
    "The Adventurer - Free/Dash - NEW/Dash_right_Down.png": {
      "frame": {
        "x": 0,
        "y": 1164,
        "w": 354,
        "h": 25
      },
      "rotated": true,
      "trimmed": true,
      "spriteSourceSize": {
        "x": 18,
        "y": 19,
        "w": 354,
        "h": 25
      },
      "sourceSize": {
        "w": 384,
        "h": 64
      },
      "pivot": {
        "x": 0.5,
        "y": 0.5
      }
    },
    "The Adventurer - Free/Walk/walk.png": {
      "frame": {
        "x": 0,
        "y": 1518,
        "w": 353,
        "h": 347
      },
      "rotated": true,
      "trimmed": true,
      "spriteSourceSize": {
        "x": 16,
        "y": 17,
        "w": 353,
        "h": 347
      },
      "sourceSize": {
        "w": 384,
        "h": 384
      },
      "pivot": {
        "x": 0.5,
        "y": 0.5
      }
    },
    "The Adventurer - Free/Death/death_normal_down.png": {
      "frame": {
        "x": 0,
        "y": 1871,
        "w": 350,
        "h": 42
      },
      "rotated": false,
      "trimmed": true,
      "spriteSourceSize": {
        "x": 19,
        "y": 17,
        "w": 350,
        "h": 42
      },
      "sourceSize": {
        "w": 384,
        "h": 64
      },
      "pivot": {
        "x": 0.5,
        "y": 0.5
      }
    },
    "The Adventurer - Free/Dash - NEW/Dash_Down.png": {
      "frame": {
        "x": 0,
        "y": 1913,
        "w": 348,
        "h": 27
      },
      "rotated": false,
      "trimmed": true,
      "spriteSourceSize": {
        "x": 19,
        "y": 17,
        "w": 348,
        "h": 27
      },
      "sourceSize": {
        "w": 384,
        "h": 64
      },
      "pivot": {
        "x": 0.5,
        "y": 0.5
      }
    },
    "The Adventurer - Free/Walk/walk_down.png": {
      "frame": {
        "x": 0,
        "y": 1940,
        "w": 348,
        "h": 27
      },
      "rotated": false,
      "trimmed": true,
      "spriteSourceSize": {
        "x": 18,
        "y": 17,
        "w": 348,
        "h": 27
      },
      "sourceSize": {
        "w": 384,
        "h": 64
      },
      "pivot": {
        "x": 0.5,
        "y": 0.5
      }
    },
    "The Adventurer - Free/Idle/idle_left_up.png": {
      "frame": {
        "x": 0,
        "y": 1967,
        "w": 351,
        "h": 26
      },
      "rotated": false,
      "trimmed": true,
      "spriteSourceSize": {
        "x": 17,
        "y": 18,
        "w": 351,
        "h": 26
      },
      "sourceSize": {
        "w": 384,
        "h": 64
      },
      "pivot": {
        "x": 0.5,
        "y": 0.5
      }
    },
    "The Adventurer - Free/Idle/idle_right_up.png": {
      "frame": {
        "x": 348,
        "y": 1913,
        "w": 351,
        "h": 26
      },
      "rotated": false,
      "trimmed": true,
      "spriteSourceSize": {
        "x": 17,
        "y": 18,
        "w": 351,
        "h": 26
      },
      "sourceSize": {
        "w": 384,
        "h": 64
      },
      "pivot": {
        "x": 0.5,
        "y": 0.5
      }
    },
    "The Adventurer - Free/Idle/idle_right_down.png": {
      "frame": {
        "x": 348,
        "y": 1939,
        "w": 349,
        "h": 26
      },
      "rotated": false,
      "trimmed": true,
      "spriteSourceSize": {
        "x": 18,
        "y": 18,
        "w": 349,
        "h": 26
      },
      "sourceSize": {
        "w": 384,
        "h": 64
      },
      "pivot": {
        "x": 0.5,
        "y": 0.5
      }
    },
    "The Adventurer - Free/Idle/idle_down.png": {
      "frame": {
        "x": 0,
        "y": 1993,
        "w": 348,
        "h": 26
      },
      "rotated": false,
      "trimmed": true,
      "spriteSourceSize": {
        "x": 19,
        "y": 17,
        "w": 348,
        "h": 26
      },
      "sourceSize": {
        "w": 384,
        "h": 64
      },
      "pivot": {
        "x": 0.5,
        "y": 0.5
      }
    },
    "The Adventurer - Free/Walk/walk_left_up.png": {
      "frame": {
        "x": 0,
        "y": 2019,
        "w": 352,
        "h": 25
      },
      "rotated": false,
      "trimmed": true,
      "spriteSourceSize": {
        "x": 17,
        "y": 19,
        "w": 352,
        "h": 25
      },
      "sourceSize": {
        "w": 384,
        "h": 64
      },
      "pivot": {
        "x": 0.5,
        "y": 0.5
      }
    },
    "The Adventurer - Free/Walk/walk_right_up.png": {
      "frame": {
        "x": 348,
        "y": 1993,
        "w": 351,
        "h": 25
      },
      "rotated": false,
      "trimmed": true,
      "spriteSourceSize": {
        "x": 16,
        "y": 19,
        "w": 351,
        "h": 25
      },
      "sourceSize": {
        "w": 384,
        "h": 64
      },
      "pivot": {
        "x": 0.5,
        "y": 0.5
      }
    },
    "The Adventurer - Free/Walk/walk_left_down.png": {
      "frame": {
        "x": 352,
        "y": 1965,
        "w": 350,
        "h": 25
      },
      "rotated": false,
      "trimmed": true,
      "spriteSourceSize": {
        "x": 17,
        "y": 19,
        "w": 350,
        "h": 25
      },
      "sourceSize": {
        "w": 384,
        "h": 64
      },
      "pivot": {
        "x": 0.5,
        "y": 0.5
      }
    },
    "The Adventurer - Free/Dash - NEW/Dash_left_Up.png": {
      "frame": {
        "x": 697,
        "y": 1939,
        "w": 349,
        "h": 25
      },
      "rotated": false,
      "trimmed": true,
      "spriteSourceSize": {
        "x": 17,
        "y": 19,
        "w": 349,
        "h": 25
      },
      "sourceSize": {
        "w": 384,
        "h": 64
      },
      "pivot": {
        "x": 0.5,
        "y": 0.5
      }
    },
    "The Adventurer - Free/Walk/walk_right_down.png": {
      "frame": {
        "x": 352,
        "y": 2018,
        "w": 349,
        "h": 25
      },
      "rotated": false,
      "trimmed": true,
      "spriteSourceSize": {
        "x": 17,
        "y": 19,
        "w": 349,
        "h": 25
      },
      "sourceSize": {
        "w": 384,
        "h": 64
      },
      "pivot": {
        "x": 0.5,
        "y": 0.5
      }
    },
    "The Adventurer - Free/Walk/walk_up.png": {
      "frame": {
        "x": 699,
        "y": 1990,
        "w": 349,
        "h": 25
      },
      "rotated": false,
      "trimmed": true,
      "spriteSourceSize": {
        "x": 17,
        "y": 19,
        "w": 349,
        "h": 25
      },
      "sourceSize": {
        "w": 384,
        "h": 64
      },
      "pivot": {
        "x": 0.5,
        "y": 0.5
      }
    },
    "The Adventurer - Free/Dash - NEW/Dash_left_Down.png": {
      "frame": {
        "x": 702,
        "y": 1964,
        "w": 347,
        "h": 25
      },
      "rotated": false,
      "trimmed": true,
      "spriteSourceSize": {
        "x": 18,
        "y": 19,
        "w": 347,
        "h": 25
      },
      "sourceSize": {
        "w": 384,
        "h": 64
      },
      "pivot": {
        "x": 0.5,
        "y": 0.5
      }
    },
    "The Adventurer - Free/Death/death_normal_left_up.png": {
      "frame": {
        "x": 701,
        "y": 2015,
        "w": 344,
        "h": 25
      },
      "rotated": false,
      "trimmed": true,
      "spriteSourceSize": {
        "x": 17,
        "y": 19,
        "w": 344,
        "h": 25
      },
      "sourceSize": {
        "w": 384,
        "h": 64
      },
      "pivot": {
        "x": 0.5,
        "y": 0.5
      }
    },
    "The Adventurer - Free/Death/death_normal_up.png": {
      "frame": {
        "x": 1045,
        "y": 2015,
        "w": 351,
        "h": 24
      },
      "rotated": false,
      "trimmed": true,
      "spriteSourceSize": {
        "x": 17,
        "y": 20,
        "w": 351,
        "h": 24
      },
      "sourceSize": {
        "w": 384,
        "h": 64
      },
      "pivot": {
        "x": 0.5,
        "y": 0.5
      }
    },
    "The Adventurer - Free/Idle/idle_up.png": {
      "frame": {
        "x": 1048,
        "y": 1989,
        "w": 349,
        "h": 24
      },
      "rotated": false,
      "trimmed": true,
      "spriteSourceSize": {
        "x": 17,
        "y": 19,
        "w": 349,
        "h": 24
      },
      "sourceSize": {
        "w": 384,
        "h": 64
      },
      "pivot": {
        "x": 0.5,
        "y": 0.5
      }
    },
    "The Adventurer - Free/Dash - NEW/Dash_up.png": {
      "frame": {
        "x": 1396,
        "y": 2013,
        "w": 349,
        "h": 23
      },
      "rotated": false,
      "trimmed": true,
      "spriteSourceSize": {
        "x": 17,
        "y": 20,
        "w": 349,
        "h": 23
      },
      "sourceSize": {
        "w": 384,
        "h": 64
      },
      "pivot": {
        "x": 0.5,
        "y": 0.5
      }
    },
    "The Adventurer - Free/Death Shadow/death_normal_left_up.png": {
      "frame": {
        "x": 1397,
        "y": 2036,
        "w": 345,
        "h": 12
      },
      "rotated": false,
      "trimmed": true,
      "spriteSourceSize": {
        "x": 17,
        "y": 35,
        "w": 345,
        "h": 12
      },
      "sourceSize": {
        "w": 384,
        "h": 64
      },
      "pivot": {
        "x": 0.5,
        "y": 0.5
      }
    },
    "The Adventurer - Free/Death Shadow/death_normal_down.png": {
      "frame": {
        "x": 1049,
        "y": 769,
        "w": 352,
        "h": 22
      },
      "rotated": true,
      "trimmed": true,
      "spriteSourceSize": {
        "x": 17,
        "y": 38,
        "w": 352,
        "h": 22
      },
      "sourceSize": {
        "w": 384,
        "h": 64
      },
      "pivot": {
        "x": 0.5,
        "y": 0.5
      }
    },
    "The Adventurer - Free/Idle/idle.png": {
      "frame": {
        "x": 699,
        "y": 779,
        "w": 351,
        "h": 347
      },
      "rotated": true,
      "trimmed": true,
      "spriteSourceSize": {
        "x": 17,
        "y": 17,
        "w": 351,
        "h": 347
      },
      "sourceSize": {
        "w": 384,
        "h": 384
      },
      "pivot": {
        "x": 0.5,
        "y": 0.5
      }
    },
    "The Adventurer - Free/Death Shadow/death_normal_up.png": {
      "frame": {
        "x": 347,
        "y": 779,
        "w": 351,
        "h": 18
      },
      "rotated": false,
      "trimmed": true,
      "spriteSourceSize": {
        "x": 17,
        "y": 29,
        "w": 351,
        "h": 18
      },
      "sourceSize": {
        "w": 384,
        "h": 64
      },
      "pivot": {
        "x": 0.5,
        "y": 0.5
      }
    },
    "The Adventurer - Free/Death Shadow/death_normal_left_down.png": {
      "frame": {
        "x": 350,
        "y": 797,
        "w": 345,
        "h": 13
      },
      "rotated": false,
      "trimmed": true,
      "spriteSourceSize": {
        "x": 17,
        "y": 38,
        "w": 345,
        "h": 13
      },
      "sourceSize": {
        "w": 384,
        "h": 64
      },
      "pivot": {
        "x": 0.5,
        "y": 0.5
      }
    }
  },
  "meta": {
    "app": "http://free-tex-packer.com",
    "version": "0.6.7",
    "image": "texture.png",
    "format": "RGBA8888",
    "size": {
      "w": 2048,
      "h": 2048
    },
    "scale": 1
  }
}